relative_velocity_m_s,force_n
-5.149955254366966884e-02,-1.777161038961038830e+00
-4.365779496252986114e-02,-1.777211688311688409e+00
-3.587683679115744040e-02,-1.775551948051948159e+00
-2.964660513857492186e-02,-1.774323376623376580e+00
-2.375042866999582669e-02,-1.772198701298701273e+00
-1.840144688932465744e-02,-1.769571428571428573e+00
-1.420970331254306496e-02,-1.767448051948051990e+00
-1.009788704972564011e-02,-1.764538961038961018e+00
-7.295649084934741069e-03,-1.762640259740259729e+00
-5.430678425773494133e-03,-1.761497402597402617e+00
-4.459254148364233394e-03,-1.761249350649350731e+00
-5.295416817526599207e-03,-1.763409090909090926e+00
-7.137160735877834394e-03,-1.767198701298701380e+00
-1.087461658799182551e-02,-1.774110389610389582e+00
-1.604871467315188704e-02,-1.783855844155844084e+00
-2.011954256983389255e-02,-1.793066233766233752e+00
-2.126175170614075238e-02,-1.798927272727272708e+00
-2.038869950745647586e-02,-1.802154545454545342e+00
-1.866308929315557696e-02,-1.803981818181818131e+00
-1.582669435658518031e-02,-1.803859740259740274e+00
-1.323827903513391524e-02,-1.803490909090909033e+00
-1.076326485999062887e-02,-1.802733766233766133e+00
-8.499340770444618887e-03,-1.801755844155844111e+00
-6.606361394424220546e-03,-1.800831168831168894e+00
-4.757102942281488112e-03,-1.799568831168831151e+00
-3.368963609162278772e-03,-1.798577922077922109e+00
-2.139312625099920595e-03,-1.797522077922077965e+00
-1.410402847325187281e-03,-1.796925974025973982e+00
-1.149443582929676744e-03,-1.796848051948051861e+00
-1.444559819104684895e-03,-1.797515584415584344e+00
-2.435112000710504265e-03,-1.799246753246753316e+00
-4.069181530642285161e-03,-1.802110389610389607e+00
-6.365213173660844159e-03,-1.806267532467532355e+00
-9.298613910085240519e-03,-1.811819480519480496e+00
-1.261730528818238994e-02,-1.818524675324675322e+00
-1.607262455339758533e-02,-1.826100000000000056e+00
-1.935510954140856610e-02,-1.834119480519480483e+00
-2.206717310070166471e-02,-1.841977922077921992e+00
-2.413093733561960663e-02,-1.849453246753246738e+00
-2.384811760928529090e-02,-1.854050649350649227e+00
-2.016599605145402707e-02,-1.853818181818181809e+00
-1.409425274792841520e-02,-1.849423376623376747e+00
-8.994616861247473061e-03,-1.845109090909090810e+00
-5.872669640600292063e-03,-1.842537662337662363e+00
-2.618876508884260268e-03,-1.839119480519480598e+00
-5.564785528374138757e-04,-1.836720779220779143e+00
1.098768299597596698e-03,-1.834380519480519389e+00
3.047081969900944376e-03,-1.831183116883116968e+00
3.896907427775042621e-03,-1.829205194805194834e+00
4.959189250117845837e-03,-1.826712987012987011e+00
5.402546743815850316e-03,-1.824918181818181884e+00
5.054145631664841432e-03,-1.824220779220779187e+00
4.760395674361150853e-03,-1.823518181818181816e+00
3.282081935743974554e-03,-1.824676623376623397e+00
1.370657794962593101e-03,-1.826824675324675296e+00
-1.455490050074170760e-03,-1.830671428571428505e+00
-6.103570769829758103e-03,-1.837622077922077990e+00
-1.236249427870717010e-02,-1.847819480519480528e+00
-2.226255097928031557e-02,-1.864362337662337721e+00
-3.701358081197952954e-02,-1.889128571428571490e+00
-5.891093228038779550e-02,-1.923337662337662346e+00
-8.940217784852066973e-02,-1.954270129870129935e+00
-1.249978412793835703e-01,-1.937054545454545362e+00
-1.574654092346789158e-01,-1.918950649350649407e+00
-1.887586605001947138e-01,-1.905280519480519574e+00
-2.196147025269327979e-01,-1.895001298701298742e+00
-2.485654686678097913e-01,-1.887302597402597426e+00
-2.780934876317605609e-01,-1.880740259740259823e+00
-3.037692833184181262e-01,-1.873859740259740336e+00
-3.245435535547160910e-01,-1.866259740259740285e+00
-3.414280278447634487e-01,-1.858172727272727309e+00
-3.556762670528682002e-01,-1.849912987012987120e+00
-3.672103932833730711e-01,-1.841505194805194812e+00
-3.769929500010247292e-01,-1.833184415584415472e+00
-3.843114227745025313e-01,-1.824790909090909130e+00
-3.897027592001803820e-01,-1.816445454545454474e+00
-3.928206075842140543e-01,-1.808045454545454511e+00
-3.931266540513584373e-01,-1.799422077922077978e+00
-3.910512764460354340e-01,-1.790657142857142947e+00
-3.848729633905576542e-01,-1.781241558441558404e+00
-3.747502032339821154e-01,-1.771176623376623294e+00
-3.586233305780042735e-01,-1.759825974025974071e+00
-3.357955431983222216e-01,-1.746953246753246702e+00
-3.094523202830929964e-01,-1.733510389610389613e+00
-2.832921787366019517e-01,-1.720687012987013098e+00
-2.549958601750202947e-01,-1.708084415584415705e+00
-2.251918528790911589e-01,-1.696970129870129851e+00
-1.939395899797107803e-01,-1.689989610389610375e+00
-1.615526324778150669e-01,-1.694903896103896024e+00
-1.335179563200645236e-01,-1.729738961038961076e+00
-1.121493547748031450e-01,-1.754788311688311619e+00
-9.575400832063835077e-02,-1.766933766233766301e+00
-8.148459179003025854e-02,-1.772559740259740169e+00
-7.007411379736722123e-02,-1.775932467532467474e+00
-5.951004556540034907e-02,-1.777033766233766299e+00
-5.027946551170564549e-02,-1.777132467532467563e+00
-4.255247535574480100e-02,-1.777058441558441615e+00
-3.487877007576017929e-02,-1.775297402597402652e+00
-2.879063142578031087e-02,-1.774049350649350654e+00
-2.295798692471118230e-02,-1.771828571428571308e+00
-1.771967373260557865e-02,-1.769187012987012864e+00
-1.363449990777620968e-02,-1.767071428571428626e+00
-9.600561540616114886e-03,-1.764150649350649358e+00
-6.977306107949665659e-03,-1.762403896103896139e+00
-5.247597057035313650e-03,-1.761389610389610283e+00
-4.461303566670959952e-03,-1.761368831168831139e+00
-5.489428417234265556e-03,-1.763806493506493434e+00
-7.545678118360765740e-03,-1.767948051948051935e+00
-1.155912230245315087e-02,-1.775341558441558387e+00
-1.678104014810466449e-02,-1.785294805194805212e+00
-2.044061810456132555e-02,-1.794066233766233864e+00
-2.121666450339176890e-02,-1.799471428571428611e+00
-2.022201348517249642e-02,-1.802515584415584460e+00
-1.830170853172835566e-02,-1.804029870129870261e+00
-1.544686883039703140e-02,-1.803805194805194745e+00
-1.288168024975572257e-02,-1.803388311688311596e+00
-1.042101200275996620e-02,-1.802576623376623388e+00
-8.239064645484739380e-03,-1.801644155844155826e+00
-6.319442831476285161e-03,-1.800625974025974019e+00
-4.564457621445083824e-03,-1.799437662337662225e+00
-3.179050846068176561e-03,-1.798410389610389570e+00
-1.997902761932679461e-03,-1.797384415584415640e+00
-1.370097620625398971e-03,-1.796902597402597390e+00
-1.136463933653464320e-03,-1.796855844155844206e+00
-1.591434797756530184e-03,-1.797751948051947934e+00
-2.623658484933399926e-03,-1.799572727272727324e+00
-4.374544858351037124e-03,-1.802644155844155938e+00
-6.742989281542322022e-03,-1.806970129870129949e+00
-9.746070240396809137e-03,-1.812698701298701254e+00
-1.312965986487502068e-02,-1.819588311688311588e+00
-1.655355471605307605e-02,-1.827222077922078025e+00
-1.980461529002680576e-02,-1.835292207792207808e+00
-2.241830677059492016e-02,-1.843101298701298685e+00
-2.430787044943749642e-02,-1.850400000000000045e+00
-2.354070486326964584e-02,-1.854355844155844091e+00
-1.936125779632885680e-02,-1.853357142857142925e+00
-1.312214533108357895e-02,-1.848550649350649389e+00
-8.467233216971903342e-03,-1.844664935064935118e+00
-5.453905166583505881e-03,-1.842136363636363683e+00
-2.145460880020266803e-03,-1.838551948051948104e+00
-3.843274150687192581e-04,-1.836485714285714277e+00
1.433506623036817640e-03,-1.833848051948052005e+00
3.250657521706779018e-03,-1.830771428571428494e+00
4.009625434647445807e-03,-1.828887012987012950e+00
5.122459575223947681e-03,-1.826293506493506413e+00
5.362924656551582014e-03,-1.824767532467532538e+00
5.028186333112416584e-03,-1.824058441558441546e+00
4.663389874507317678e-03,-1.823470129870129908e+00
3.018390113606050917e-03,-1.824902597402597415e+00
1.071442722174020812e-03,-1.827164935064935047e+00
-2.020446363307282223e-03,-1.831432467532467578e+00
-6.935634602378670799e-03,-1.838881818181818062e+00
-1.346303190944309058e-02,-1.849627272727272675e+00
-2.404417862729968380e-02,-1.867320779220779325e+00
-3.950772289131937454e-02,-1.893248051948051902e+00
-6.278364974074857052e-02,-1.928646753246753276e+00
-9.447243873947108739e-02,-1.955675324675324678e+00
-1.301131893730829159e-01,-1.931942857142857184e+00
-1.619625161391691770e-01,-1.916655844155844113e+00
-1.932052150864513318e-01,-1.903350649350649348e+00
-2.239826960780965381e-01,-1.893583116883116979e+00
-2.526526919109459701e-01,-1.886096103896103937e+00
-2.822613213282963440e-01,-1.879636363636363550e+00
-3.069937014544038556e-01,-1.872623376623376634e+00
-3.271401665493943733e-01,-1.864948051948051910e+00
-3.437343065793159180e-01,-1.856859740259740210e+00
-3.573909470361995577e-01,-1.848544155844155767e+00
-3.687904947978932202e-01,-1.840183116883116865e+00
-3.782198684273447298e-01,-1.831861038961039023e+00
-3.851749110210885285e-01,-1.823461038961038838e+00
-3.903660875921384776e-01,-1.815148051948051844e+00
-3.929613343079456089e-01,-1.806693506493506574e+00
-3.930050552318233859e-01,-1.798079220779220666e+00
-3.904637765314278308e-01,-1.789264935064935003e+00
-3.836931815852934191e-01,-1.779754545454545367e+00
-3.729521802395087127e-01,-1.769581818181818145e+00
-3.556455257782666357e-01,-1.757953246753246823e+00
-3.320512559518523643e-01,-1.744922077922077985e+00
-3.055468121298238193e-01,-1.731509090909090887e+00
-2.794051153480937022e-01,-1.718789610389610534e+00
-2.508642328685708467e-01,-1.706297402597402701e+00
-2.207248041097668589e-01,-1.695541558441558516e+00
-1.893728028527902896e-01,-1.689484415584415533e+00
-1.569933598846860734e-01,-1.699001298701298790e+00
-1.301111399547761893e-01,-1.734403896103896114e+00
-1.095896313096466068e-01,-1.757109090909090954e+00
-9.346822376915353559e-02,-1.767994805194805119e+00
-7.980885075452753830e-02,-1.773240259740259672e+00
-6.842706461815917240e-02,-1.776138961038961073e+00
-5.811575797736079352e-02,-1.777114285714285646e+00
-4.911129707684641632e-02,-1.777170129870129900e+00
-4.139523715185505770e-02,-1.776844155844155893e+00
-3.393740393351690754e-02,-1.775123376623376714e+00
-2.793055887637224677e-02,-1.773783116883116850e+00
-2.215529808789273858e-02,-1.771455844155844117e+00
-1.708025522089307024e-02,-1.768874025974025876e+00
-1.303606976219923164e-02,-1.766680519480519518e+00
-9.129878469494423499e-03,-1.763815584415584503e+00
-6.685605568952701638e-03,-1.762225974025974029e+00
-5.055634875634484882e-03,-1.761293506493506467e+00
-4.499559375064021705e-03,-1.761566233766233669e+00
-5.691637690169004671e-03,-1.764249350649350623e+00
-8.010896073997686440e-03,-1.768812987012986948e+00
-1.229622975345495695e-02,-1.776693506493506547e+00
-1.748125806958450434e-02,-1.786742857142857188e+00
-2.070499306613471369e-02,-1.795033766233766315e+00
-2.115108311757513126e-02,-1.800024675324675361e+00
-2.005396118401725492e-02,-1.802907792207792292e+00
-1.790070568303692156e-02,-1.804055844155844079e+00
-1.507387469856474871e-02,-1.803785714285714326e+00
-1.251688379115067917e-02,-1.803301298701298627e+00
-1.008490740044942768e-02,-1.802453246753246807e+00
-7.982887357138424012e-03,-1.801563636363636256e+00
-6.025009734736908040e-03,-1.800436363636363613e+00
-4.380009973835752302e-03,-1.799344155844155857e+00
-2.974109015391135369e-03,-1.798248051948051929e+00
-1.870838826912968322e-03,-1.797289610389610326e+00
-1.333208091103432746e-03,-1.796912987012986962e+00
-1.140562770267083970e-03,-1.796918181818181859e+00
-1.738309776408486496e-03,-1.798018181818181738e+00
-2.809472411413937998e-03,-1.799925974025974096e+00
-4.673759931139609414e-03,-1.803199999999999914e+00
-7.128279923215075087e-03,-1.807711688311688381e+00
-1.021197133546930536e-02,-1.813636363636363713e+00
-1.363586618664736072e-02,-1.820677922077922117e+00
-1.703653429701540434e-02,-1.828379220779220660e+00
-2.022611232178594953e-02,-1.836458441558441512e+00
-2.275577765177644318e-02,-1.844231168831168777e+00
-2.441034136477593375e-02,-1.851266233766233782e+00
-2.311715841320366449e-02,-1.854506493506493436e+00
-1.847795850611066992e-02,-1.852770129870129789e+00
-1.217872977053341410e-02,-1.847688311688311602e+00
-7.974006544475775726e-03,-1.844244155844155797e+00
-4.993469186995724840e-03,-1.841658441558441606e+00
-1.710984198984910609e-03,-1.838015584415584325e+00
-1.998797674593877360e-04,-1.836214285714285799e+00
1.784640292930239625e-03,-1.833268831168831214e+00
3.419392962297485017e-03,-1.830390909090909179e+00
4.133956811924854868e-03,-1.828533766233766178e+00
5.265235717262173321e-03,-1.825884415584415610e+00
5.316471174931503008e-03,-1.824612987012987020e+00
5.013840404965053121e-03,-1.823864935064935189e+00
4.538375357794333098e-03,-1.823448051948052040e+00
2.736253526707255190e-03,-1.825145454545454626e+00
7.264573072008895238e-04,-1.827567532467532452e+00
-2.629123600418004081e-03,-1.832262337662337703e+00
-7.772480410976612131e-03,-1.840163636363636446e+00
-1.459977593026517972e-02,-1.851499999999999924e+00
-2.590778300758961317e-02,-1.870403896103896013e+00
-4.224984458577835111e-02,-1.897676623376623350e+00
-6.695558227389791783e-02,-1.933981818181818246e+00
-9.970255425834967378e-02,-1.955627272727272770e+00
-1.350229124966697003e-01,-1.928220779220779280e+00
-1.664698701351932930e-01,-1.914529870129870082e+00
-1.976749964135179616e-01,-1.901659740259740161e+00
-2.282851082434435852e-01,-1.892363636363636470e+00
-2.568676622285375188e-01,-1.885064935064935110e+00
-2.863171201573952995e-01,-1.878649350649350680e+00
-3.101224800694069583e-01,-1.871493506493506542e+00
-3.296780295526119953e-01,-1.863744155844155870e+00
-3.460105271787024539e-01,-1.855655844155844170e+00
-3.590427781914566907e-01,-1.847268831168831227e+00
-3.703822096828183752e-01,-1.838966233766233804e+00
-3.793921356988175231e-01,-1.830619480519480424e+00
-3.859741841607290946e-01,-1.822206493506493441e+00
-3.909959421517525957e-01,-1.813929870129870059e+00
-3.930398953430384590e-01,-1.805407792207792239e+00
-3.928738924601900551e-01,-1.796812987012986973e+00
-3.898359713901204393e-01,-1.787932467532467484e+00
-3.824081963069482226e-01,-1.778306493506493613e+00
-3.709471659960514867e-01,-1.767993506493506395e+00
-3.524873721675331195e-01,-1.756092207792207871e+00
-3.282591489448911659e-01,-1.742941558441558403e+00
-3.017991091861760289e-01,-1.729618181818181721e+00
-2.754490548765908819e-01,-1.716937662337662207e+00
-2.466936666142926782e-01,-1.704588311688311819e+00
-2.162119849982580277e-01,-1.694254545454545458e+00
-1.846775855119788812e-01,-1.689203896103895985e+00
-1.525994070349699361e-01,-1.703855844155844235e+00
-1.268081607836975544e-01,-1.738774025974025861e+00
-1.071064194612762477e-01,-1.759257142857142853e+00
-9.123367467533793906e-02,-1.768979220779220762e+00
-7.818229575838719914e-02,-1.773937662337662369e+00
-6.677591660233772597e-02,-1.776325974025974030e+00
-5.675152852448711593e-02,-1.777228571428571380e+00
-4.797865189263778030e-02,-1.777263636363636268e+00
-4.020110941844334818e-02,-1.776594805194805282e+00
-3.306776743201050861e-02,-1.775057142857142889e+00
-2.704452702841170231e-02,-1.773502597402597303e+00
-2.136353948204378073e-02,-1.771116883116883089e+00
-1.647772623870263908e-02,-1.768636363636363562e+00
-1.240689834202057806e-02,-1.766274025974025941e+00
-8.707698298299704209e-03,-1.763572727272727292e+00
-6.399370145440341773e-03,-1.762089610389610428e+00
-4.862306415362394052e-03,-1.761231168831168814e+00
-4.585634943948369013e-03,-1.761866233766233858e+00
-5.918439982784851061e-03,-1.764770129870129933e+00
-8.528032626739401323e-03,-1.769801298701298764e+00
-1.306544475792953408e-02,-1.778151948051948095e+00
-1.813228995170212965e-02,-1.788187012987012992e+00
-2.092974594044383352e-02,-1.796001298701298765e+00
-2.105612673602813567e-02,-1.800583116883117007e+00
-1.985311818995383337e-02,-1.803296103896103952e+00
-1.747032783861518501e-02,-1.804072727272727272e+00
-1.469883114842573946e-02,-1.803790909090909000e+00
-1.215345361141656477e-02,-1.803242857142857147e+00
-9.744703961525658098e-03,-1.802351948051948094e+00
-7.723294371614175535e-03,-1.801506493506493500e+00
-5.727844080255173331e-03,-1.800270129870129798e+00
-4.189414071306130083e-03,-1.799268831168831184e+00
-2.765068348100530038e-03,-1.798105194805194706e+00
-1.758803959476196166e-03,-1.797242857142857142e+00
-1.295635422145946514e-03,-1.796948051948052072e+00
-1.155591837850022952e-03,-1.797020779220779296e+00
-1.874254524090845919e-03,-1.798300000000000010e+00
-2.993920059023269520e-03,-1.800305194805194908e+00
-4.981172677155087936e-03,-1.803794805194805173e+00
-7.531332190213402278e-03,-1.808507792207792120e+00
-1.069153521925364503e-02,-1.814624675324675307e+00
-1.413250855632147696e-02,-1.821789610389610292e+00
-1.751336562305727540e-02,-1.829562337662337779e+00
-2.061823435781479086e-02,-1.837614285714285645e+00
-2.307207121045484755e-02,-1.845357142857142918e+00
-2.442400415348772169e-02,-1.852031168831168806e+00
-2.259455674497723443e-02,-1.854520779220779181e+00
-1.757689759056718648e-02,-1.852138961038960918e+00
-1.134461651967777485e-02,-1.846958441558441466e+00
-7.516303122630296762e-03,-1.843874025974026054e+00
-4.500242514499597224e-03,-1.841141558441558468e+00
-1.359167389655913105e-03,-1.837597402597402674e+00
1.257659700926172519e-05,-1.835920779220779231e+00
2.117329198062567475e-03,-1.832732467532467435e+00
3.536892945219027862e-03,-1.830103896103896233e+00
4.280148651141124638e-03,-1.828176623376623455e+00
5.367706632600777183e-03,-1.825559740259740327e+00
5.265235717262173321e-03,-1.824498701298701286e+00
4.997445058510963101e-03,-1.823709090909090946e+00
4.359392825669716753e-03,-1.823542857142857132e+00
2.434989035612122876e-03,-1.825464935064935013e+00
3.425329443992874978e-04,-1.828080519480519417e+00
-3.263076996645797312e-03,-1.833188311688311645e+00
-8.601128546347647230e-03,-1.841497402597402688e+00
-1.583284261150552652e-02,-1.853570129870129923e+00
-2.792509376088747608e-02,-1.873768831168831195e+00
-4.527956798262089411e-02,-1.902512987012987100e+00
-7.133109035885309979e-02,-1.939188311688311739e+00
-1.049060273392402043e-01,-1.954106493506493569e+00
-1.396361531052103255e-01,-1.926435064935065000e+00
-1.709881543621868671e-01,-1.912727272727272831e+00
-2.021372632067931496e-01,-1.900337662337662437e+00
-2.324891483300656758e-01,-1.891450649350649327e+00
-2.611905685769522201e-01,-1.884320779220779229e+00
-2.901556806459766880e-01,-1.877867532467532463e+00
-3.131836278802866413e-01,-1.870581818181818123e+00
-3.321612414009823544e-01,-1.862746753246753206e+00
-3.481774454683945752e-01,-1.854635064935064914e+00
-3.606843622551799133e-01,-1.846187012987013043e+00
-3.719233722495098871e-01,-1.837922077922077957e+00
-3.804632983338229191e-01,-1.829528571428571393e+00
-3.867502305595595380e-01,-1.821111688311688237e+00
-3.915533839311942099e-01,-1.812846753246753151e+00
-3.930890813824010066e-01,-1.804259740259740230e+00
-3.927236017843602212e-01,-1.795677922077921984e+00
-3.890817854532289122e-01,-1.786696103896103782e+00
-3.809906819780985443e-01,-1.776945454545454606e+00
-3.687344773641748064e-01,-1.766464935064935071e+00
-3.492301633386390991e-01,-1.754318181818181888e+00
-3.245346727420533872e-01,-1.741094805194805195e+00
-2.982153597070698048e-01,-1.727888311688311695e+00
-2.713871077925715802e-01,-1.715170129870129845e+00
-2.424766468783943751e-01,-1.703007792207792193e+00
-2.116855030980373531e-01,-1.693171428571428550e+00
-1.799188362036575339e-01,-1.689207792207792158e+00
-1.484486518243238740e-01,-1.709102597402597290e+00
-1.235734955561779702e-01,-1.742832467532467566e+00
-1.047297773648580010e-01,-1.761240259740259662e+00
-8.909066626589157156e-02,-1.769907792207792152e+00
-7.654890936789104927e-02,-1.774588311688311659e+00
-6.519103311176843718e-02,-1.776553246753246773e+00
-5.540369441806769490e-02,-1.777348051948052010e+00
-4.687196600698173565e-02,-1.777384415584415622e+00
-3.902337703148589521e-02,-1.776363636363636367e+00
-3.223638673889733797e-02,-1.775049350649350544e+00
-2.614961436778856507e-02,-1.773222077922077977e+00
-2.059842331418265671e-02,-1.770827272727272694e+00
-1.589364202127302450e-02,-1.768441558441558481e+00
-1.177226180635726482e-02,-1.765879220779220660e+00
-8.330605329853801866e-03,-1.763415584415584325e+00
-6.113817861363723960e-03,-1.761984415584415542e+00
-4.693570974771688054e-03,-1.761233766233766262e+00
-4.721579691630839459e-03,-1.762274025974025937e+00
-6.175983550002317468e-03,-1.765381818181818163e+00
-9.083424987874288981e-03,-1.770896103896103968e+00
-1.384422371450239053e-02,-1.779681818181818143e+00
-1.872252242405192391e-02,-1.789603896103896030e+00
-2.111419358805333157e-02,-1.796959740259740368e+00
-2.091813257003893867e-02,-1.801119480519480565e+00
-1.960377229596338422e-02,-1.803645454545454552e+00
-1.703311859983736021e-02,-1.804101298701298761e+00
-1.431627306449523296e-02,-1.803805194805194745e+00
-1.179958738378100724e-02,-1.803216883116883107e+00
-9.399035407116951291e-03,-1.802262337662337677e+00
-7.457553131169525340e-03,-1.801458441558441592e+00
-5.438876099000566899e-03,-1.800132467532467473e+00
-3.985838519500239929e-03,-1.799192207792207787e+00
-2.575155585006427827e-03,-1.798006493506493442e+00
-1.654283625830865745e-03,-1.797225974025973949e+00
-1.257379613753051295e-03,-1.797005194805194828e+00
-1.180867996966872280e-03,-1.797161038961038848e+00
-1.999952180239572552e-03,-1.798588311688311681e+00
-3.202960726313874851e-03,-1.800741558441558476e+00
-5.306347048496085073e-03,-1.804441558441558513e+00
-7.959660616328412264e-03,-1.809370129870129906e+00
-1.117314852134465575e-02,-1.815651948051947961e+00
-1.462368581051071148e-02,-1.822927272727272729e+00
-1.797994985756534714e-02,-1.830763636363636371e+00
-2.098849593190460494e-02,-1.838771428571428501e+00
-2.336992000437210226e-02,-1.846483116883116837e+00
-2.435364079162199991e-02,-1.852701298701298738e+00
-2.202140275851710571e-02,-1.854470129870129824e+00
-1.671409248341682030e-02,-1.851557142857142901e+00
-1.067718929110628157e-02,-1.846468831168831093e+00
-7.091390393693275396e-03,-1.843589610389610334e+00
-4.002233865954329950e-03,-1.840663636363636391e+00
-1.109138356229888434e-03,-1.837368831168831207e+00
2.530416783368960587e-04,-1.835632467532467560e+00
2.396050087783485605e-03,-1.832332467532467479e+00
3.613404562005151366e-03,-1.829946753246753266e+00
4.446834673425215101e-03,-1.827866233766233695e+00
5.418258950834475840e-03,-1.825387012987012891e+00
5.208535144108294990e-03,-1.824476623376623419e+00
4.963971226167041007e-03,-1.823664935064934989e+00
4.111413210550418640e-03,-1.823829870129870079e+00
2.139189660001594717e-03,-1.825883116883116886e+00
-6.803385639048142863e-05,-1.828731168831168930e+00
-3.916841436505558161e-03,-1.834251948051948133e+00
-9.442756330994783731e-03,-1.842961038961038911e+00
-1.723874356995014345e-02,-1.855996103896103921e+00
-3.010089286324235669e-02,-1.877480519480519527e+00
-4.854565762417772934e-02,-1.907722077922077819e+00
-7.576876413244709729e-02,-1.944058441558441652e+00
-1.099332504457484760e-01,-1.951357142857142790e+00
-1.440854402492092734e-01,-1.925010389610389616e+00
-1.755235170750701901e-01,-1.911016883116883225e+00
-2.065687887254667454e-01,-1.899145454545454470e+00
-2.365961826168339610e-01,-1.890614285714285803e+00
-2.655462656182753234e-01,-1.883642857142857174e+00
-2.937660725630708569e-01,-1.877096103896103818e+00
-3.161805605842208378e-01,-1.869707792207792263e+00
-3.345945840705546459e-01,-1.861787012987012879e+00
-3.501886079667720919e-01,-1.853629870129870127e+00
-3.623696672427809684e-01,-1.845162337662337615e+00
-3.733320057656968616e-01,-1.836893506493506578e+00
-3.814661470252693198e-01,-1.828467532467532575e+00
-3.875351577710526851e-01,-1.820062337662337715e+00
-3.920042559586837672e-01,-1.811779220779220712e+00
-3.931505639316040801e-01,-1.803154545454545454e+00
-3.924865524002104089e-01,-1.794558441558441686e+00
-3.881636460517956522e-01,-1.785449350649350730e+00
-3.794747955705239373e-01,-1.775590909090908998e+00
-3.663687654987259901e-01,-1.764927272727272678e+00
-3.459695388125670346e-01,-1.752577922077922068e+00
-3.208744116461610951e-01,-1.739298701298701344e+00
-2.946097497660247200e-01,-1.726184415584415710e+00
-2.672541142072508702e-01,-1.713424675324675350e+00
-2.382097579636979767e-01,-1.701489610389610441e+00
-2.071692682893505610e-01,-1.692236363636363539e+00
-1.752079066558275278e-01,-1.689416883116883206e+00
-1.445048878626616351e-01,-1.714432467532467586e+00
-1.204494989172240071e-01,-1.746436363636363565e+00
-1.024439928133731859e-01,-1.762977922077922033e+00
-8.705354446896157450e-02,-1.770703896103896113e+00
-7.489024681827805008e-02,-1.775063636363636288e+00
-6.371135309428005433e-02,-1.776759740259740372e+00
-5.406064228769735802e-02,-1.777354545454545409e+00
-4.578235860721530104e-02,-1.777412987012987111e+00
-3.791464172752295747e-02,-1.776118181818181707e+00
-3.138177930497398904e-02,-1.774912987012986942e+00
-2.530183832822119339e-02,-1.772909090909090768e+00
-1.984492051672664958e-02,-1.770463636363636351e+00
-1.532527001086186891e-02,-1.768180519480519575e+00
-1.116426770868206297e-02,-1.765438961038961141e+00
-7.978788520524970895e-03,-1.763215584415584347e+00
-5.849442899790335826e-03,-1.761836363636363645e+00
-4.567873318623127954e-03,-1.761228571428571366e+00
-4.904661060369075454e-03,-1.762688311688311638e+00
-6.462902112950252853e-03,-1.765985714285714270e+00
-9.666826065868328044e-03,-1.771988311688311724e+00
-1.459704337252271111e-02,-1.781137662337662242e+00
-1.925673746268352637e-02,-1.790896103896103986e+00
-2.123237671041044994e-02,-1.797768831168831127e+00
-2.074393201396335096e-02,-1.801537662337662216e+00
-1.931070547809515814e-02,-1.803855844155844101e+00
-1.660547331315792574e-02,-1.804058441558441528e+00
-1.394191265379179923e-02,-1.803746753246753265e+00
-1.145118627162983183e-02,-1.803116883116883118e+00
-9.070445338598076557e-03,-1.802118181818181730e+00
-7.176782823142047185e-03,-1.801312987012986921e+00
-5.182698810654196020e-03,-1.799962337662337708e+00
-3.771332736724863910e-03,-1.799028571428571421e+00
